INSERT INTO publisher (id, name)
VALUES (0, 'Аванта +'),
       (1, 'Азбука'),
       (2, 'АКВИЛЕГИЯ-М'),
       (3, 'Арка'),
       (4, 'АСТ'),
       (5, 'АСТ-ПРЕСС');


INSERT INTO author (id, name)
VALUES (0, 'Лев Толстой'),
       (1, 'Александр Грибоедов'),
       (2, 'Антон Чехов'),
       (3, 'Александр Куприн'),
       (4, 'Михаил Лермонтов');

INSERT INTO reader (id, name)
VALUES (0, 'Пользователь 1'),
       (1, 'Пользователь 2'),
       (2, 'Пользователь 3');

INSERT INTO section (id, shelf, section)
VALUES (0, 0, 0),
       (1, 0, 1),
       (2, 0, 2),
       (3, 1, 0),
       (4, 2, 0);

INSERT INTO book (id, title, description, author_id, release_year, edition, publisher_id)
VALUES (0, 'Книга 1', 'Тест 1', 0, 1980, 'Издание 1', 0),
       (1, 'Книга 2', 'Тест 2', 1, 2020, 'Издание 2', 1),
       (2, 'Книга 3', 'Тест 3', 2, 1850, 'Издание 3', 2),
       (3, 'Книга 4', 'Тест 4', 3, 1940, 'Издание 4', 3),
       (4, 'Книга 5', 'Тест 5', 4, 1963, 'Издание 5', 4),
       (5, 'Книга 6', 'Тест 6', 1, 2021, 'Издание 6', 5),
       (6, 'Книга 7', 'Тест 7', 2, 2030, 'Издание 7', 1);


INSERT INTO physical_book (id, book_id, section_id)
VALUES (0, 0, 0),
       (1, 0, 1),
       (2, 0, 2),
       (3, 1, 4),
       (4, 2, 1),
       (5, 3, 3);

INSERT INTO issuance (id, physical_book_id, reader_id, issue_date, complete_date, actual_complete_date)
VALUES (0, 0, 0, '2021-08-31', '2021-09-10', null),
       (1, 1, 1, '2021-07-30', '2021-08-10', null),
       (2, 2, 2, '2021-06-10', '2021-06-20', '2021-06-15'),
       (3, 3, 0, '2021-07-30', '2021-08-10', '2021-08-12');
